{
  "initialCamera": {
    "west": 139.7383852716238,
    "south": 35.669499299672474,
    "east": 139.78656930734346,
    "north": 35.691640758557284,
    "position": {
      "x": -3962169.8364513335,
      "y": 3352586.704708458,
      "z": 3698023.4610325196
    },
    "direction": {
      "x": 0.7259273188627007,
      "y": -0.5727789601171913,
      "z": 0.380727974511829
    },
    "up": {
      "x": -0.27833913197344085,
      "y": 0.2615484931093981,
      "z": 0.9241859733649255
    }
  }
}
